kind,subreddit,id,parent_id,created_utc,author,score,num_comments,title,text
post,r/stocks,1nxbr66,,1759526936,WickedSensitiveCrew,7351,430.0,"The U.S. dollar fell about 11% against other currencies in the first half of this year, its biggest decline in over 50 years","https://www.morganstanley.com/insights/articles/us-dollar-declines

&gt; The U.S. dollar ended the first half of 2025 with its biggest loss since 1973. The dollar index, which measures the greenback against a basket of currencies of the U.S.‚Äôs major trading partners, fell about 11% from January through the end of June. That decline also marked the end of a structural bull cycle for the dollar, which started in 2010 and ended in 2024 with an accumulated gain of about 40%. 

&gt; Although the currency strengthened 3.2% in July, recovering some of this year‚Äôs depreciation, Morgan Stanley Research expects the decline to continue, possibly adding another 10% in losses by the end of next year.  ‚ÄúWe're likely at the intermission rather than the finale,‚Äù says David Adams, head of G10 FX Strategy at Morgan Stanley. ‚ÄúThe second act for the dollar‚Äôs weakening should come over the next 12 months, as U.S. interest rates and growth converge with those of the rest of the world.‚Äù 

&gt; The U.S. currency depreciation could have significant impacts for consumers, businesses, investors and ultimately for the overall economy: It would be more expensive for Americans to travel abroad. U.S. assets could be less compelling for foreign investors. Import prices could rise, putting pressure on inflation. On the positive side, however, the weaker dollar could be a boost for American exporters."
comment,r/stocks,nhmb4in,t3_1nxbr66,1759527733,No_Code_4681,1581,,,Suddenly a 13% YTD gain on SPY doesn‚Äôt feel so great
comment,r/stocks,nhmar3b,t3_1nxbr66,1759527614,FarrisAT,440,,,The other times this happened were the start of inflation eras or bear markets.
comment,r/stocks,nhmai3s,t3_1nxbr66,1759527533,Yeeaaaarrrgh,504,,,The biggest decline in 50 years... so far...
comment,r/stocks,nhmh23y,t3_1nxbr66,1759529738,bandpractice,250,,,"‚ÄúOn the positive side, however, the weaker dollar could be a boost for American exporters.‚Äù

..lol, staying positive eh? So much evidence other countries want our exports! :/ This orange fascist idiot has so ruined our international reputation that many countries would rather incur an economic cost to themselves than import American goods.  SOYBEANS.  

Canaries in the coal mine are all dead. We are Wiley Coyote still running past the edge of the cliff, right before he looks down."
comment,r/stocks,nhmb1s0,t3_1nxbr66,1759527708,mdnz,69,,,"Oh man another once in a life time event to add to the ones in the last 5 years, wonder what else it can be added?"
comment,r/stocks,nhmey05,t3_1nxbr66,1759529009,WeirdAFNewsPodcast,112,,,Are we great though?
comment,r/stocks,nhn8b5b,t3_1nxbr66,1759539817,Throwaway_tequila,10,,,It‚Äôs stealth crash to hide the real crash.  Tarrifs increases inflation.
comment,r/stocks,nhm939t,t3_1nxbr66,1759527083,OilTurbulent1009,90,,,"But, have you seen the stock market?!? Line go up!!! ‚Ä¶drools"
comment,r/stocks,nhnh02p,t3_1nxbr66,1759543266,515owned,17,,,"holy shit.

a weaker dollar is anything but a boost for american exporters.

the usa doesn't export crap out that competes with the same crap from somewhere else.  ag products barely count.

it makes shit that you literally cannot buy anywhere else.  more specifically, the usa buys basic parts and materiel from elsewhere and turns it into expensive things.  most of which make other things explode.

a weak dollar means the input costs are higher, so even if output sales numbers are higher the whole thing is a wash."
comment,r/stocks,nhmk7kp,t3_1nxbr66,1759530855,[deleted],20,,,The S&amp;P rises  12 percent and people brag about it although the DXY dropped 11%.  So really it rose 1%?
comment,r/stocks,nhmgf2z,t3_1nxbr66,1759529517,lostinspacs,70,,,"It‚Äôs more that the USD was abnormally strong following the post-Covid rate hike cycle in 2022 and is coming back to historical levels now. 

If the US is worried about overconsumption and trade balances then this is a healthy trend. It‚Äôs certainly better for exporters."
comment,r/stocks,nhmpwwr,t3_1nxbr66,1759532889,PaleAthlete1040,17,,,"It is closer to 18%. But who counts it? 

January 2025 ; Sunday 19 January 2025, ‚Ç¨1 EUR = $1.0278,

The EUR/USD exchange rate rose to 1.1738 on October 3. 

We pay more for the product and additionally for the added tariff . Double whammy"
comment,r/stocks,nhmz98t,t3_1nxbr66,1759536306,[deleted],37,,,[removed]
comment,r/stocks,nhm9dbt,t3_1nxbr66,1759527172,primaboy1,27,,,Russian Rubles best performing currency üìàüí∞
comment,r/stocks,nhmjj47,t3_1nxbr66,1759530610,Mr-Jack-Tripper,7,,,You‚Äôre fucking fired Bob‚Ä¶ 50 million fucking Deutschmarks. I told you to wire to Geneva. I say Geneva you hear Helsinki.
comment,r/stocks,nhme0j2,t3_1nxbr66,1759528691,gryffon5147,33,,,"https://www.fpri.org/article/2020/05/the-dominance-of-the-u-s-dollar-during-the-covid-19-pandemic/

People have the memory of a goldfish, or are trying to push an agenda.  Yes it's falling, but it was at ridiculous record highs against other currencies just 4-5 years ago.  

Sure, part of it is countries diversifying against the dollar, but it's also a large part going back to usual historical valuations."
comment,r/stocks,nhmag9c,t3_1nxbr66,1759527516,AHipstersWhispers,8,,,What does anything mean anymore
comment,r/stocks,nhmap14,t3_1nxbr66,1759527595,redtitbandit,19,,,"it didn't fall.  it was intentionally pushed down to increase exports, decrease imports"
comment,r/stocks,nhmq0o4,t3_1nxbr66,1759532926,Early_Level9277,7,,,Hmm and what happened at the beginning of the year to cause this? I seem to remember a certain orange old man getting elected‚Ä¶
comment,r/stocks,nhmcf13,t3_1nxbr66,1759528162,MarthaStewart__,9,,,There is a reason central banks around the world have been buying gold at record levels
comment,r/stocks,nhmi64r,t3_1nxbr66,1759530126,BuySellHoldFinance,5,,,"Y/Y, usd is flat against other reserve currencies. It's only down about 6% against the Euro."
comment,r/stocks,nhmvfv2,t3_1nxbr66,1759534891,[deleted],4,,,[removed]
comment,r/stocks,nhn2oqu,t3_1nxbr66,1759537638,spurradict,3,,,Just as Russia/China wanted their puppet in chief to do!
comment,r/stocks,nhmaedq,t3_1nxbr66,1759527500,plznodownvotes,6,,,This is good for the exporting economy.
comment,r/stocks,nhmdkuh,t3_1nxbr66,1759528546,thenewbae,3,,,"Shhhh,, we're being so great!!"
comment,r/stocks,nhmar9h,t3_1nxbr66,1759527615,CommonManX,2,,,"Gee, I wonder why?"
comment,r/stocks,nhme9lq,t3_1nxbr66,1759528776,MoeKenshi,2,,,It's good for exports tho. This was the plan and a lot of countries are deliberately doing it
comment,r/stocks,nho0ol1,t3_1nxbr66,1759551938,MidnightTokr,2,,,Isn't that the point of Trump's policy? He wants to bring down the dollar to make the US more attractive for manufacturing.
comment,r/stocks,nhmb6fh,t3_1nxbr66,1759527751,ShoemakerMicah,2,,,"Just wait, it‚Äôs definitely headed lower. Policy chaos and trade wars and tariffs will absolutely ensure this outcome. Stocks, similar to gold are just reacting to this inflationary pressure."
comment,r/stocks,nhnh34b,t3_1nxbr66,1759543300,tempthrow9999999,3,,,"USD had a fake rally after Trump got elected and it's stable now , much higher than it was under Biden , charts don't lie , articles with an agenda do ."
post,r/stocks,1nyz3nz,,1759695995,Mitch_Buchannon,2960,332.0,U.S. Stocks are underperforming the rest of the world by the largest margin since 2009,"https://bsky.app/profile/carlquintanilla.bsky.social/post/3m2hp4drq4c2t

The MSCI ex-US index is now outperforming MSCI US, and by the largest margin since 2009, a striking reversal after nearly twenty years of US dominance. For years, the narrative of US exceptionalism in markets has held strong, powered by tech innovation, easy monetary policy, and global capital inflows. But with valuations stretched, on-off-paused tariffs, increased corruption, unprecedented government interference in business, a weakened dollar and constant threats to Jay Powell and other FED board members, many investors are clearly beginning to look elsewhere."
comment,r/stocks,nhye1xg,t3_1nyz3nz,1759696492,Professional-Pin5125,951,,,"Are people in denial or something? 

Look at the performance of other markets."
comment,r/stocks,nhypgwx,t3_1nyz3nz,1759699846,Turbulent-Pea-8826,108,,,Yep. My international fund is doing the best of my investments right now.
comment,r/stocks,nhykibr,t3_1nyz3nz,1759698349,TheCapitalMentor,186,,,"DON'T abandon US exposure (innovation and liquidity are still unmatched), but balance it, sure. A tilt toward international, especially developed Europe and parts of Asia, makes sense here, and MSCI ex-US is a straightforward way to capture that shift without trying to stock-pick globally"
comment,r/stocks,nhyhap4,t3_1nyz3nz,1759697413,kiddo_ho0pz,66,,,Too many people in the comments section have the reading comprehension of a 2nd grader.
comment,r/stocks,nhydo6y,t3_1nyz3nz,1759696385,Dremhi_Rina26,260,,,Feels like the global market‚Äôs finally catching up after years of U.S. dominance. Could be a good time to diversify outside the U.S. for once
comment,r/stocks,nhygmvi,t3_1nyz3nz,1759697224,AdhesivenessCivil581,120,,,The rest of the countries in the world are happily trading with each other while we suffer self-imposed exile.
comment,r/stocks,nhyfvxk,t3_1nyz3nz,1759697012,FrankDrebinOnReddit,185,,,"Over the last 5 years: VXUS (internationals) up¬†38.21%, while VTI (US) is up¬†86.09%. And that's with the boost internationals got from a weakening dollar."
comment,r/stocks,nhyyp7e,t3_1nyz3nz,1759702811,m0nsieurp,8,,,We haven't even talked about gold which is on track to destroy the SP500 again this year.
comment,r/stocks,nhyhdqm,t3_1nyz3nz,1759697438,TrashPanda_924,22,,,I‚Äôve gone deeper into international markets in the last 6 months. Money markets still offer better than 4.25% while you wait.
comment,r/stocks,nhyeswb,t3_1nyz3nz,1759696703,Swizzle34,81,,,This is some serious cherry picking lol
comment,r/stocks,nhzkvmt,t3_1nyz3nz,1759710579,nadhari12,4,,,Now zoom out for last 10 years.
comment,r/stocks,ni1a3gh,t3_1nyz3nz,1759738990,Consistent_Tower5508,3,,,"what no one is talking about is outside of US all the countries depreciate their continuously which leads to higher returns in their markets. Problem is if US investors go and invest in these markets, and when they take out their money and bring back two dollars, they will suffer a huge loss because the currency keeps on depreciating and the returns. Those Market are making are not enough. For example if a outside us Market makes 16% return and depreciated their currency by 6% then you only made 10% when you got your money back in dollars. So compare the returns in dollar terms not in their own currencies.

If we compare in dollar terms, people will find that US markets have continuously outperformed every year as compared to other markets"
comment,r/stocks,nhz6qfx,t3_1nyz3nz,1759705520,chopsui101,7,,,"you can look at how MSCI ex US is preforming across currencies and you can see most of the ""growth"" is not from the world out preforming the US but the US currencies falling back towards the mean.  The USD has out preformed the world last 5 years, and this year its reverting back towards the mean."
comment,r/stocks,nhz01dh,t3_1nyz3nz,1759703258,Chogo82,9,,,Time to rotate back to US stocks
comment,r/stocks,nhyitfx,t3_1nyz3nz,1759697855,lolwut778,24,,,"If you take out Big Tech (Mag 7), the US stock market is quite bad."
comment,r/stocks,nhyx57n,t3_1nyz3nz,1759702301,Wrong-Ad-8636,3,,,"The U.S. stock market‚Äôs resilience largely stems from AI related gains, as other sectors remain a drag on overall performance."
comment,r/stocks,nhz26ku,t3_1nyz3nz,1759703984,Coolguyokay,3,,,üòù ok
comment,r/stocks,nhz3l4l,t3_1nyz3nz,1759704454,Willy445_,3,,,"For one year, lol."
comment,r/stocks,nhz8nz7,t3_1nyz3nz,1759706183,supabowlchamp44,3,,,Is this because of the declining in value of the dollar.
comment,r/stocks,nhzex5f,t3_1nyz3nz,1759708368,tsupaper,3,,,So then why are foreign holdings of US equities are at the highest it‚Äôs ever been? 20T or 30% of total stock market is held by foreign investors
comment,r/stocks,nhzvdlz,t3_1nyz3nz,1759714402,Resident-Spirit808,3,,,Look at it like a crypto pullback
comment,r/stocks,ni08297,t3_1nyz3nz,1759719223,bill_txs,3,,,Why use YTD for this? S&amp;P is 2% up over VXUS in the 1 year.
comment,r/stocks,ni4mu3z,t3_1nyz3nz,1759781547,Full_Bank_6172,3,,,"I literally just sold all of my international ETFs and moved them to VoO because of how badly international stocks have performed for the past 20 years lmfao

You‚Äôre all welcome"
comment,r/stocks,nhyo0ch,t3_1nyz3nz,1759699400,Odd-Ad-9596,8,,,"Is there anything positive about the US on r/?  I‚Äôm fair minded but there is constant badgering of the US and the market.  I diversity in US, UK and EU companies and have pretty well.  I‚Äôm done investing in China stocks."
comment,r/stocks,nhzdsda,t3_1nyz3nz,1759707962,maxmcleod,8,,,"my portfolio is up 64% this year on American equities, sounds like a skill issue"
comment,r/stocks,nhzb75o,t3_1nyz3nz,1759707048,Late_Bid5825,5,,,bluesky ü•±
comment,r/stocks,ni1d800,t3_1nyz3nz,1759740965,jonawill05,7,,,Another hate the orange man post
comment,r/stocks,nhyfsfa,t3_1nyz3nz,1759696985,Inevitable_Butthole,8,,,The sheep here only take tweets at face value
comment,r/stocks,nhyuqo3,t3_1nyz3nz,1759701504,rasputin777,10,,,"""Hey guise! If you look at the 277 day chart Europe and China are doing well!"". 

The 6 month, 3 month, 16 month, 3 year, 5 year, 10 year, 20 year and 30 year charts are another story.  

I'm.nkt making fun. I actually feel bad for the citizens of most of the world that their leaders have mismanaged their economies so badly. It sucks. I'd hate to have to invest in another nation to make decent gains.  

Can Europe keep up with America over the next year? Maybe. Probably not. Can China? Maybe. Probably not.  

If I had to pick one? SPY/QQQ all day every day.  

We've got our problems (exaggerated around here) but absolutely no one can outwork us, outthink us, or outfigure out new shit like us."
comment,r/stocks,ni0k6hc,t3_1nyz3nz,1759724383,IAmPandaRock,2,,,"That's crazy. I don't really keep track of other markets, but I was shocked to see this market so red hot that I didn't even consider other markets are hotter."
post,r/stocks,1ny7ylt,,1759618084,callsonreddit,2514,213.0,"Ford CEO says buyers won‚Äôt pay $75k for EVs, targets $30k models to rival BYD and move out of Tesla‚Äôs shadow","No paywall: [https://finance.yahoo.com/news/ford-ceo-says-customers-are-not-interested-in-75000-evs-110019792.html](https://finance.yahoo.com/news/ford-ceo-says-customers-are-not-interested-in-75000-evs-110019792.html)

&gt;Ford (F) CEO Jim Farley says US buyers aren't interested in $75,000 electric vehicles and the automaker doesn't want to keep living in Tesla's (TSLA) shadow.

&gt;""We've learned ... people are not willing to pay \[a\] $30,000 premium for that big battery on a \[$50,000\], $60,000 utility,"" Farley told Yahoo Finance at Ford's Pro Accelerate conference in Detroit, Mich. ""But they're willing to buy a $30,000 EV if they save $2,000 a year compared to gas costs.""

&gt;Farley's comments underscore the challenges Ford faces as it pushes further into EVs. While global EV demand grows, price sensitivity is shaping which models will succeed."
comment,r/stocks,nhsrxo4,t3_1ny7ylt,1759618328,Zestyclose-Grand-670,1351,,,I feel like that was always the play and they are idiots for just now realizing it
comment,r/stocks,nhsu7xi,t3_1ny7ylt,1759619103,MrVerrat,453,,,I don't want to pay 75k for any car.
comment,r/stocks,nhsuhrs,t3_1ny7ylt,1759619193,imhereforthemeta,117,,,Ford maverick HYBRIDS are still challenging to get new because they are so popular. The base model is around 26k or it was when we got ours two years ago. It‚Äôs so clear what people want.
comment,r/stocks,nht4dov,t3_1ny7ylt,1759622669,domomymomo,93,,,Buying a 80k ev to save 2k gas a year while it depreciates 20k for the first few year sounds like a great deal. I think everyone who‚Äôs on a 60k salary should get one asap
comment,r/stocks,nhssdc1,t3_1ny7ylt,1759618477,african_cheetah,138,,,No shit Sherlock.
comment,r/stocks,nhss8nh,t3_1ny7ylt,1759618433,Totallycomputername,74,,,Absolutely correct. Im very interested in EVs and have had one for a while. 75k is a tough sell outside of a truck and EV trucks don't tow as far and still take time to charge up over gas. 30k to 40k is a great area to be in outside of higher luxury.¬†
comment,r/stocks,nhsskpu,t3_1ny7ylt,1759618547,TimeTravelingChris,37,,,"Ford CEO says a lot of stuff. I was hopeful when they announced their original EV push, only for them to back away immediately because of the dealer mandates. 


In general I hate Ford's dealer network(s). Way too much power."
comment,r/stocks,nhukaz0,t3_1ny7ylt,1759644814,Reggio_Calabria,15,,,Ford just saw 18% of US adults need Buy now Pay Later to afford food and decided that maybe they were in trouble
comment,r/stocks,nhtdbo3,t3_1ny7ylt,1759625940,elysiansaurus,12,,,"Thing is there is a disconnect between what ford says and what ford does.

Both the mach e and lightning are 75k vehicles in Canada.

I like the mach e but its too expensive. Ive owned one car. A ford focus ive been driving for 12 years."
comment,r/stocks,nhtpgih,t3_1ny7ylt,1759630584,Less_Tacos,11,,,Remember when you sold small useful cars in the US Jim?  Then you canceled them all and rammed fucking SUVs down our throat.  Eat shit Jim.
comment,r/stocks,nhswb8z,t3_1ny7ylt,1759619796,[deleted],8,,,"My subaru is 7 years old and hopefully I'll get another 10 years out of it. By then, they better have something inflation adjusted 15k or I'ma ride my bike to the bus station."
comment,r/stocks,nhsy2u1,t3_1ny7ylt,1759620405,Slipping-in-oil,8,,,They tried a cash grab. Didn‚Äôt work.
comment,r/stocks,nhsusaz,t3_1ny7ylt,1759619290,wilan727,7,,,Fords 2025 epiphany. Ohh dear it's worse than I thought.
comment,r/stocks,nhsvwup,t3_1ny7ylt,1759619660,timute,5,,,"Well d to the fucken ¬†u-h. ¬†To say it another way, ""we ran out of suckers to rip off for a platform that was always intended to be for economy cars so now that we are going down the tubes for our greedy decisions we are going to get back to the business of selling more cars for lower margin""."
comment,r/stocks,nht4bnx,t3_1ny7ylt,1759622649,szopongebob,6,,,The average American doesn‚Äôt want to pay almost 6 figures for a vehicle who would have guessed
comment,r/stocks,nhssxz5,t3_1ny7ylt,1759618671,fukijama,5,,,That's right
comment,r/stocks,nhszxwh,t3_1ny7ylt,1759621063,ChubbyNemo1004,5,,,If they‚Äôd just make an actual hatchback EV I probably would‚Äôve bought one. You couldn‚Äôt pay me to drive a Tesla but if they changed the model 3 to a hatch I‚Äôd have to reconsider.
comment,r/stocks,nhszzxq,t3_1ny7ylt,1759621083,AoE_Mobius_One,4,,,He‚Äôs not wrong. People can‚Äôt afford $75k EVs.
comment,r/stocks,nhtgbnf,t3_1ny7ylt,1759627060,Puttor482,4,,,Who the fuck can afford 75k for any car?
comment,r/stocks,nhstcjk,t3_1ny7ylt,1759618809,sanfranchristo,8,,,"Buyers will, just not buyers of Fords. There‚Äôs a big difference. This isn‚Äôt an indication that they will succeed as a companies but my neighborhood is loaded with Rivians, Lucids, and Polestars (in addition to luxury Germans). Ford needs to be competing with Hyundai, not them."
comment,r/stocks,nhsxyzg,t3_1ny7ylt,1759620368,dabesdiabetic,3,,,Dude decided this after he drove a Chinese EV that costs 30K.
comment,r/stocks,nht0gup,t3_1ny7ylt,1759621248,Viking999,3,,,They want 75k for a non-electric Bronco.  I won't buy either.
comment,r/stocks,nhszl3l,t3_1ny7ylt,1759620938,Capital-Reference757,6,,,"I‚Äôm currently in China right now and the taxi prices here are incredibly cheap. For an half an hour ride, it costs ¬£2-3 compared to something like ¬£10-¬£15 in the UK. The main reason is that EV cars are so cheap and electricity is so cheap, that most of the fee is labour costs for the driver rather than repayments for the car. 

The car we were in was a Geely and cost ¬£6k(!) for the driver. In the UK, Uber drivers would be expected to fork out about ¬£20-¬£50k for their cars."
comment,r/stocks,nht81wa,t3_1ny7ylt,1759624022,EricoS1970,4,,,BYD is heavily subsidized by the Chinese government. Ford can‚Äôt make 30k EV. Simple.
comment,r/stocks,nht4vox,t3_1ny7ylt,1759622856,drew8311,2,,,Glad the CEO finally learned about supply and demand
comment,r/stocks,nhtmx36,t3_1ny7ylt,1759629595,Defiant_Scallion_108,2,,,Lol the same person that said the Maverick was gonna be a cheap truck back to the Ranger days
comment,r/stocks,nhuqzzd,t3_1ny7ylt,1759648627,Proper_Sandwich_6483,2,,,MACH-E price is good even without the incentive.
comment,r/stocks,nhuu5bq,t3_1ny7ylt,1759650467,kochapi,2,,,No shit sharelock
comment,r/stocks,nhvqwtc,t3_1ny7ylt,1759667899,Kxr1der,2,,,"That's a great plan... But im not buying a Ford. They can't even get their ICEs to be reliable and they've been building them for 100 years, I'm supposed to trust them with a car that's even more expensive to fix?

No thanks"
comment,r/stocks,nht9pcb,t3_1ny7ylt,1759624629,DGB31988,2,,,"They all fail to understand‚Ä¶.. Consumers won‚Äôt spend $75K on an EV that looks terrible, is erroneously named after a famous sports car and has a range of 300 miles. 

They will pay for them when they are more ubiquitous, can charge at home easily and have a 500 mile range and ‚Äúfill up‚Äù in the same amount of time as a gas car."
post,r/wallstreetbets,1nwad5c,,1759426556,10sdork,35113,1374.0,Time to delete the app,Time to short the bank as a hedge. 
comment,r/wallstreetbets,nhefgpm,t3_1nwad5c,1759426566,VisualMod,1,,,"
**User Report**| | | |
:--|:--|:--|:--
**Total Submissions** | 1 | **First Seen In WSB** | 1 week ago
**Total Comments** | 2 | **Previous Best DD** | 
**Account Age** | 2 years | | 

[**Join WSB Discord**](https://discord.gg/wsbverse) | [**‚öî**](https://www.reddit.com/r/KarmaCave/)"
comment,r/wallstreetbets,nhehizx,t3_1nwad5c,1759427147,dalandsoren,6867,,,Lol time to install Klarna
comment,r/wallstreetbets,nhetswp,t3_1nwad5c,1759430748,LighteningOneIN,9314,,,https://preview.redd.it/8evbi3axuqsf1.jpeg?width=645&amp;format=pjpg&amp;auto=webp&amp;s=b7a19c71af1a507083d4f02c0e8060ca18bf2c33
comment,r/wallstreetbets,nhegrab,t3_1nwad5c,1759426932,Oblivious-Speculator,8361,,,Which country r u gonna disappear to
comment,r/wallstreetbets,nhefxyi,t3_1nwad5c,1759426702,Sad-Airman,23131,,,"You owe the bank 30k = your problem

You owe the bank 30,232,000 = bank's problem"
comment,r/wallstreetbets,nheg3av,t3_1nwad5c,1759426743,i_like_debt,5091,,,"I'll let you borrow the money if you need it, just send a venmo money request to ticklemytits@urfucked.com"
comment,r/wallstreetbets,nheh3t4,t3_1nwad5c,1759427030,Raptor231408,3059,,,Serious question. What happens in this unfortunate scenario?
comment,r/wallstreetbets,nheg9tu,t3_1nwad5c,1759426796,Bxdwfl,828,,,"day trade calls don't mean you owe money. it just means you exceeded your intraday buying power, and you need to deposit money or liquidate assets to meet the call, or you may get a restriction."
comment,r/wallstreetbets,nhehjgi,t3_1nwad5c,1759427151,HannsGoober,126,,,"Just to be safe after deleting the app, throw you phone into nearest body of water.  Problem solved."
comment,r/wallstreetbets,nhefqxm,t3_1nwad5c,1759426647,WrappedRocket,148,,,Will SoFi give you some leverage?
comment,r/wallstreetbets,nheh1u7,t3_1nwad5c,1759427015,not-irresponsible,642,,,"Put the fries in the bag bro

https://preview.redd.it/w1zlyzwsjqsf1.jpeg?width=1179&amp;format=pjpg&amp;auto=webp&amp;s=3f7669e030fb0bce0fa33c4702fd3618c1b34283"
comment,r/wallstreetbets,nhej6j6,t3_1nwad5c,1759427613,NoirLurker,111,,,This is the part where you pretend to be Mexican so you get deported
comment,r/wallstreetbets,nhehssx,t3_1nwad5c,1759427224,costas_0,65,,,Sometimes I lose 30 bucks on 0dte lotto and I come here to read stuff like this and feel better.
comment,r/wallstreetbets,nhegxdh,t3_1nwad5c,1759426979,New_Collection_4169,42,,,Jacked to the tits!
comment,r/wallstreetbets,nheidrp,t3_1nwad5c,1759427389,dogs_and_stuff,42,,,"OP it‚Äôs time to fake your death, move to a 3rd world country, and sell fruit in the street."
comment,r/wallstreetbets,nhej8pp,t3_1nwad5c,1759427631,Sydtron69,17,,,Welp. Buy stock in Chapstick. The bank ain't gonna suck itself.
comment,r/wallstreetbets,nhejtud,t3_1nwad5c,1759427799,KailuaDawn,37,,,"show up to ICE and pretend you cannot speak english, problem solved"
comment,r/wallstreetbets,nhehcmh,t3_1nwad5c,1759427097,Ask_redditKiller,13,,,Bro hurry delete the app fast to get rid of the margin call
comment,r/wallstreetbets,nhelv76,t3_1nwad5c,1759428393,Affectionate-Lab1198,12,,,"Coming from someone that only auto invests in index funds to see line go up, how on earth does this man owe the bank 30m lol?"
comment,r/wallstreetbets,nhefxsi,t3_1nwad5c,1759426701,AttorneyExisting1651,11,,,I got that on me.
comment,r/wallstreetbets,nhfstc9,t3_1nwad5c,1759441069,Wingd,11,,,"I got my phone robbed and had the coinbase app, they transferred $30k and I alerted my bank but couldn‚Äôt sign into coinbase (2fa). From fees racked up with whatever shuffling they did coinbase ate my staked coin and still want $3k from me after my bank pulled back the funds. I am just never using them again, and honestly blame them because why would a single sign on in 3 years with immediate transfers and bank withdrawals and frantic shuffling all of a sudden not flag the account and of course they had no reachable phone service üôÑ. Anyway like me, that‚Äôs your banks problem not yours - although they might be more motivated by the slight amount more money haha"
comment,r/wallstreetbets,nhen3kp,t3_1nwad5c,1759428760,Conscious_Icex,9,,,That's enough stocks for now
comment,r/wallstreetbets,nheuv6o,t3_1nwad5c,1759431066,WhispersAboutNothing,9,,,Rookie numbers
comment,r/wallstreetbets,nheussm,t3_1nwad5c,1759431047,L0k8,15,,,Learn spanish and let ICE do their job
comment,r/wallstreetbets,nhejhw2,t3_1nwad5c,1759427704,noimnotinterested,5,,,Robinhood out here su*ciding noobs w this bs wording again.
post,r/wallstreetbets,1nzx2hv,,1759788553,[deleted],11413,322.0,"OpenAI, NVIDIA, and AMD, The Tech Triangle That‚Äôs Driving the Market",
comment,r/wallstreetbets,ni59wy0,t3_1nzx2hv,1759788564,VisualMod,1,,,"
**User Report**| | | |
:--|:--|:--|:--
**Total Submissions** | 10 | **First Seen In WSB** | 1 month ago
**Total Comments** | 153 | **Previous Best DD** | 
**Account Age** | 2 months | | 

[**Join WSB Discord**](https://discord.gg/wsbverse) | [**‚öî**](https://www.reddit.com/r/KarmaCave/)"
comment,r/wallstreetbets,ni5biy0,t3_1nzx2hv,1759789114,RedditBlows6942,2093,,,And they're all worth 300 billion dollars more every time they make one of those transactions. Totally rational.
comment,r/wallstreetbets,ni5cdz7,t3_1nzx2hv,1759789410,[deleted],1054,,,[deleted]
comment,r/wallstreetbets,ni5w5ht,t3_1nzx2hv,1759796230,FarrisAT,518,,,"Two GenAI CEOs are hiking along a trail when they spot a pile of horse shit. 

The first CEO says to the other ‚ÄúI‚Äôll pay you $100 billion to eat that pile of shit.‚Äù The second CEO takes the $100 billion and eats the pile of shit.

They continue walking until they come across a second pile of shit. The second CEO turns to the first and says ‚ÄúI‚Äôll pay you $100 billion to eat that pile of shit.‚Äù The first CEO takes the $100 billion and eats a pile of shit.

Walking a little more, the first CEO looks at the second and says, ""You know, I gave you $100 billion to eat shit, then you gave me back the same $100 billion to eat shit. I can't help but feel like we both just ate shit for nothing.""

""That's not true"", responded the second CEO. ""We increased both of our marketcaps by $200 billion!‚Äù"
comment,r/wallstreetbets,ni5qzed,t3_1nzx2hv,1759794433,Appropriate-Lie-8812,59,,,"We‚Äôre basically in a feedback loop: AI needs GPUs, GPUs need hype, hype needs AI. Eternal stonk engine."
comment,r/wallstreetbets,ni5aldp,t3_1nzx2hv,1759788795,ETNZ2021,47,,,I bought SOXL at the close -  f it.  this market is unstoppable.  Even the slightest pullback results in endless Fed dovishness.
comment,r/wallstreetbets,ni5c6ac,t3_1nzx2hv,1759789336,Rooonaldooo99,626,,,"Man, I just gotta vent somewhere. Anybody else feel like a moron working 9-5 while you see people in here making hundreds of thousands in weeks, sometimes days? Money that would basically instantly transform your life for the better. 




I'm not doing bad financially, but feel like I'm missing out on something to make it out of the hamster wheel."
comment,r/wallstreetbets,ni5lrn6,t3_1nzx2hv,1759792630,Elyndria,139,,,Making the AI bubble too big to fail so they can get bailed out by the american people...
comment,r/wallstreetbets,ni5r1lo,t3_1nzx2hv,1759794454,[deleted],72,,,[deleted]
comment,r/wallstreetbets,ni5fqkk,t3_1nzx2hv,1759790580,likwitsnake,104,,,"They all end up where they started.

| Stooge | Cash in Hand | Money Owed to Them | Liabilities (Owes) | Net Worth |
|--------|--------------|-------------------|--------------------|-----------|
| Moe    | $0           | $20 from Larry    | Owes $20 to Curly  | $0        |
| Larry  | $10          | $20 from Curly    | Owes $20 to Moe    | $10       |
| Imposter Curly  | $0           | $20 from Moe      | Owes $20 to Larry  | $0        |"
comment,r/wallstreetbets,ni5fc2m,t3_1nzx2hv,1759790441,kellyk311,58,,,https://preview.redd.it/22w9i0ghkktf1.jpeg?width=1079&amp;format=pjpg&amp;auto=webp&amp;s=fe1ca2b5338fe2a187a5d051658720d2bd46837b
comment,r/wallstreetbets,ni5tgs3,t3_1nzx2hv,1759795294,tl01magic,20,,,"while this is some fuckery and for a while now, at least it's not housing or banks or energy. 

if this does collapse maybe cheap video game processing and cheap energy :D"
comment,r/wallstreetbets,ni5bdeq,t3_1nzx2hv,1759789061,Steelmit,18,,,Bullish
comment,r/wallstreetbets,ni5bnj2,t3_1nzx2hv,1759789158,Stringer514,30,,,We are not in a bubble and I'm Batman.
comment,r/wallstreetbets,ni5baaa,t3_1nzx2hv,1759789031,first_time_internet,23,,,Printer is running hot¬†
comment,r/wallstreetbets,ni6e5cv,t3_1nzx2hv,1759802444,[deleted],8,,,"[https://www.yahoo.com/finance/news/ai-booms-reliance-circular-deals-223120705.html](https://www.yahoo.com/finance/news/ai-booms-reliance-circular-deals-223120705.html)

Even us regards on WSB have figured out this ain't good.

The unhealthy part has become marked by ‚Äúrelated-party transactions‚Äù like the ones involving these companies, he said, which can artificially prop up the value of the firms involved.

‚ÄúIf investors decide the ties among the AI giants are getting too close, he said, ***there will be some deflating activity.‚Äù That‚Äôs Wall Street-speak for a bubble‚Äôs bursting.***

***In WSB speak we say dump eeeetttttttt.***"
comment,r/wallstreetbets,ni5cmgt,t3_1nzx2hv,1759789492,shasta747,24,,,"The more I read about this deal, the more I think this is a bad trade for AMD.

So NVDA is filthy rich, papa Jensen could afford giving $100B for Sam to buy more GPUs thru Larry's Oracle. But it sounds like mama Su doesn't have this money, so to make OpenAI buy more AMD chips, she has to give Sam 10% of the company, which is a huge stake.

The only case when this works out well is OpenAI makes huge profit in order to buy enough AMD chips (I doubt Jensen is happy with his money spending on AMD) to meet the conditions of that 10% deal."
comment,r/wallstreetbets,ni5ca0y,t3_1nzx2hv,1759789372,MasterpieceLiving738,7,,,You forgot ORCL
comment,r/wallstreetbets,ni5f6nc,t3_1nzx2hv,1759790390,Ipayforsex69,4,,,Wtf happened to my boy Curly?
comment,r/wallstreetbets,ni5hf29,t3_1nzx2hv,1759791156,SuffiecientSapian,4,,,Legit was saying this EXACT clip this morning
comment,r/wallstreetbets,ni5mstv,t3_1nzx2hv,1759792986,manququ,4,,,Ai cyclejerk
comment,r/wallstreetbets,ni6b81s,t3_1nzx2hv,1759801408,Garythegr81,4,,,This is why we call it a bubble.
comment,r/wallstreetbets,ni7hap3,t3_1nzx2hv,1759820754,Ok_Confusion9694,4,,,"I work in big tech in an area that focuses on selling AI servers and I‚Äôm so bearish on AI, as are some of the folks I work with. It‚Äôs just the same large enterprise customers buying it. The smaller enterprise customers are struggling with that investment size. Their priorities are elsewhere in terms of tech infrastructure."
comment,r/wallstreetbets,ni5ikzn,t3_1nzx2hv,1759791546,zztop610,3,,,Help me make sense of this market man. Circle jerking all the way
comment,r/wallstreetbets,ni70vl6,t3_1nzx2hv,1759811711,No-Safe1870,3,,,Lowkey trying to figure out how to turn this whole situation into an opportunity to make some $$.
comment,r/wallstreetbets,ni7jzs1,t3_1nzx2hv,1759822397,Ok_Afternoon_3952,3,,,"That's how economy works. 

All forms of economy is circular jerking. 

You jerk me off, I jerk you off. That's economy. 

Exchange of services."
comment,r/wallstreetbets,ni5j67v,t3_1nzx2hv,1759791746,loneImpulseofdelight,2,,,They can trade all they want... but who is buying?
comment,r/wallstreetbets,ni5noi8,t3_1nzx2hv,1759793293,Baphaddon,2,,,Keep in the money movin‚Äô Paddy‚Äôs Bucks style
comment,r/wallstreetbets,ni5rl50,t3_1nzx2hv,1759794637,New-Needleworker1755,2,,,"OpenAI writes the script, NVIDIA sells the props, AMD provides emotional support."
comment,r/wallstreetbets,ni5rwez,t3_1nzx2hv,1759794745,spac420,2,,,we goin to 10 Trillion baby!
